Transaction
"['Juice', 'Fruit Cake', 'Cold Drink', 'Butter', 'Bread']"
"['Chips', 'Juice']"
"['Chips', 'Juice', 'Bread', 'Cold Drink']"
"['Fruit Cake', 'Juice', 'Chips', 'Bread']"
"['Cold Drink', 'Butter', 'Milk', 'Juice', 'Chips']"
"['Milk', 'Bread']"
"['Bread', 'Cold Drink', 'Fruit Cake', 'Chips', 'Juice']"
"['Cold Drink', 'Milk']"
"['Butter', 'Milk', 'Chips', 'Juice']"
"['Chips', 'Bread', 'Fruit Cake', 'Cold Drink']"
"['Fruit Cake', 'Juice', 'Cold Drink', 'Milk', 'Chips']"
"['Juice', 'Milk', 'Bread']"
"['Chips', 'Milk', 'Juice', 'Bread']"
['Bread']
"['Milk', 'Juice']"
"['Fruit Cake', 'Milk']"
"['Juice', 'Butter', 'Bread']"
"['Milk', 'Cold Drink', 'Butter']"
['Fruit Cake']
"['Juice', 'Bread']"
"['Cold Drink', 'Chips', 'Juice', 'Milk', 'Fruit Cake']"
"['Milk', 'Chips', 'Fruit Cake', 'Butter']"
"['Fruit Cake', 'Milk', 'Butter', 'Juice', 'Chips']"
"['Butter', 'Chips', 'Bread']"
['Butter']
"['Butter', 'Cold Drink', 'Bread', 'Chips', 'Juice']"
"['Cold Drink', 'Butter']"
"['Chips', 'Butter', 'Milk']"
"['Bread', 'Fruit Cake', 'Chips', 'Juice']"
"['Butter', 'Fruit Cake']"
"['Milk', 'Chips', 'Bread', 'Juice']"
"['Milk', 'Cold Drink']"
"['Butter', 'Bread']"
"['Milk', 'Fruit Cake', 'Butter']"
"['Chips', 'Fruit Cake', 'Butter']"
"['Bread', 'Fruit Cake', 'Chips', 'Cold Drink', 'Milk']"
"['Milk', 'Fruit Cake']"
['Juice']
"['Bread', 'Fruit Cake', 'Chips', 'Milk']"
['Fruit Cake']
"['Chips', 'Juice']"
"['Butter', 'Cold Drink', 'Chips']"
"['Milk', 'Chips', 'Fruit Cake', 'Juice']"
['Milk']
"['Butter', 'Milk', 'Fruit Cake', 'Chips', 'Cold Drink']"
"['Juice', 'Cold Drink']"
"['Milk', 'Chips']"
"['Fruit Cake', 'Milk', 'Juice', 'Chips', 'Bread']"
"['Cold Drink', 'Butter', 'Fruit Cake', 'Bread', 'Juice']"
"['Fruit Cake', 'Cold Drink', 'Chips']"
"['Chips', 'Bread', 'Juice', 'Milk', 'Butter']"
"['Cold Drink', 'Chips', 'Juice', 'Butter', 'Fruit Cake']"
['Chips']
"['Chips', 'Juice', 'Cold Drink']"
"['Juice', 'Chips', 'Bread']"
"['Juice', 'Cold Drink', 'Fruit Cake']"
"['Chips', 'Butter', 'Milk']"
"['Milk', 'Cold Drink', 'Chips', 'Bread']"
"['Fruit Cake', 'Juice', 'Butter', 'Chips']"
"['Cold Drink', 'Chips', 'Fruit Cake']"
['Chips']
"['Bread', 'Juice', 'Butter']"
"['Milk', 'Butter', 'Juice', 'Chips']"
['Cold Drink']
"['Milk', 'Juice', 'Bread', 'Fruit Cake', 'Butter']"
"['Cold Drink', 'Bread', 'Fruit Cake', 'Milk']"
"['Fruit Cake', 'Juice']"
"['Milk', 'Cold Drink', 'Butter']"
"['Juice', 'Butter', 'Fruit Cake', 'Milk', 'Bread']"
"['Fruit Cake', 'Milk']"
"['Fruit Cake', 'Butter']"
"['Juice', 'Bread']"
"['Milk', 'Fruit Cake', 'Cold Drink', 'Butter', 'Chips']"
"['Bread', 'Butter', 'Cold Drink', 'Juice', 'Fruit Cake']"
"['Chips', 'Milk', 'Bread', 'Fruit Cake']"
['Milk']
['Milk']
['Milk']
"['Cold Drink', 'Bread', 'Juice', 'Fruit Cake', 'Butter']"
"['Cold Drink', 'Fruit Cake', 'Bread']"
"['Butter', 'Chips']"
['Chips']
"['Fruit Cake', 'Chips', 'Cold Drink', 'Bread', 'Juice']"
"['Chips', 'Fruit Cake', 'Milk']"
"['Fruit Cake', 'Bread', 'Butter', 'Chips']"
"['Butter', 'Milk', 'Bread', 'Fruit Cake']"
"['Milk', 'Chips', 'Bread', 'Butter']"
"['Chips', 'Juice', 'Butter', 'Milk']"
"['Bread', 'Fruit Cake', 'Juice', 'Butter', 'Milk']"
"['Butter', 'Bread', 'Cold Drink', 'Fruit Cake']"
"['Milk', 'Juice', 'Fruit Cake']"
"['Bread', 'Cold Drink', 'Chips', 'Milk', 'Fruit Cake']"
"['Bread', 'Fruit Cake']"
"['Cold Drink', 'Chips', 'Fruit Cake', 'Juice']"
"['Chips', 'Cold Drink']"
"['Juice', 'Bread', 'Fruit Cake']"
"['Chips', 'Cold Drink', 'Fruit Cake', 'Butter', 'Milk']"
"['Cold Drink', 'Butter', 'Fruit Cake', 'Milk', 'Juice']"
"['Bread', 'Milk', 'Butter', 'Chips', 'Cold Drink']"
"['Juice', 'Fruit Cake', 'Milk', 'Cold Drink']"
"['Fruit Cake', 'Milk']"
['Milk']
"['Bread', 'Chips', 'Butter', 'Fruit Cake']"
"['Fruit Cake', 'Juice', 'Cold Drink']"
"['Cold Drink', 'Milk']"
"['Fruit Cake', 'Bread', 'Chips']"
"['Chips', 'Butter']"
['Chips']
"['Bread', 'Juice', 'Cold Drink', 'Chips', 'Butter']"
"['Milk', 'Chips', 'Bread']"
['Juice']
"['Bread', 'Milk']"
['Milk']
"['Juice', 'Milk', 'Butter', 'Cold Drink']"
"['Fruit Cake', 'Bread', 'Chips']"
"['Chips', 'Juice', 'Bread', 'Butter']"
"['Juice', 'Chips', 'Butter', 'Cold Drink']"
['Cold Drink']
"['Juice', 'Milk', 'Fruit Cake', 'Butter', 'Bread']"
"['Milk', 'Juice', 'Chips', 'Cold Drink', 'Fruit Cake']"
"['Juice', 'Fruit Cake']"
['Chips']
"['Bread', 'Cold Drink', 'Butter']"
['Chips']
['Bread']
"['Chips', 'Milk', 'Juice', 'Bread']"
"['Cold Drink', 'Fruit Cake', 'Bread', 'Chips', 'Juice']"
"['Butter', 'Milk']"
"['Milk', 'Juice', 'Butter']"
['Bread']
"['Butter', 'Fruit Cake', 'Bread', 'Juice', 'Milk']"
"['Butter', 'Chips', 'Bread']"
"['Chips', 'Cold Drink', 'Milk', 'Bread']"
"['Cold Drink', 'Fruit Cake', 'Milk', 'Chips']"
"['Milk', 'Chips', 'Cold Drink', 'Juice']"
"['Fruit Cake', 'Juice', 'Butter', 'Bread', 'Milk']"
"['Bread', 'Milk', 'Chips', 'Butter', 'Fruit Cake']"
"['Cold Drink', 'Bread']"
"['Juice', 'Butter']"
"['Juice', 'Fruit Cake', 'Bread', 'Chips']"
"['Chips', 'Cold Drink']"
"['Butter', 'Bread', 'Cold Drink', 'Fruit Cake', 'Juice']"
"['Juice', 'Milk', 'Butter', 'Bread']"
"['Milk', 'Fruit Cake']"
"['Butter', 'Fruit Cake']"
['Chips']
"['Cold Drink', 'Butter', 'Fruit Cake']"
"['Chips', 'Butter']"
['Chips']
"['Juice', 'Butter']"
"['Juice', 'Cold Drink', 'Chips']"
"['Chips', 'Milk']"
"['Juice', 'Butter', 'Milk', 'Bread', 'Chips']"
"['Milk', 'Cold Drink', 'Juice', 'Bread']"
"['Fruit Cake', 'Milk', 'Bread', 'Cold Drink', 'Butter']"
"['Milk', 'Juice', 'Chips']"
"['Chips', 'Milk', 'Juice', 'Fruit Cake']"
"['Butter', 'Chips', 'Bread']"
"['Fruit Cake', 'Cold Drink', 'Chips']"
"['Cold Drink', 'Chips']"
"['Chips', 'Cold Drink', 'Milk']"
"['Chips', 'Cold Drink', 'Milk', 'Juice']"
"['Butter', 'Cold Drink']"
"['Butter', 'Juice', 'Chips', 'Fruit Cake', 'Bread']"
"['Butter', 'Milk', 'Cold Drink', 'Fruit Cake', 'Juice']"
"['Milk', 'Cold Drink', 'Butter']"
['Milk']
['Chips']
"['Milk', 'Cold Drink']"
"['Cold Drink', 'Bread']"
"['Fruit Cake', 'Juice', 'Cold Drink']"
['Butter']
['Fruit Cake']
"['Cold Drink', 'Chips', 'Butter', 'Milk']"
"['Cold Drink', 'Milk', 'Juice', 'Bread']"
"['Milk', 'Butter', 'Cold Drink', 'Chips', 'Bread']"
['Butter']
"['Fruit Cake', 'Chips', 'Bread', 'Butter']"
"['Bread', 'Cold Drink', 'Milk']"
"['Chips', 'Juice', 'Milk', 'Butter', 'Cold Drink']"
"['Juice', 'Bread', 'Cold Drink']"
"['Milk', 'Cold Drink', 'Chips', 'Juice']"
"['Fruit Cake', 'Chips', 'Bread']"
"['Chips', 'Cold Drink', 'Fruit Cake', 'Milk', 'Butter']"
"['Bread', 'Milk', 'Fruit Cake', 'Chips']"
"['Milk', 'Fruit Cake']"
"['Bread', 'Milk', 'Cold Drink']"
"['Juice', 'Milk', 'Cold Drink', 'Fruit Cake']"
"['Bread', 'Butter', 'Cold Drink']"
"['Milk', 'Cold Drink', 'Bread', 'Fruit Cake', 'Butter']"
"['Fruit Cake', 'Butter', 'Juice', 'Cold Drink', 'Bread']"
"['Milk', 'Juice', 'Bread', 'Fruit Cake', 'Butter']"
"['Cold Drink', 'Chips', 'Juice', 'Butter']"
"['Juice', 'Chips', 'Milk', 'Butter', 'Fruit Cake']"
"['Milk', 'Bread']"
"['Fruit Cake', 'Bread', 'Juice', 'Cold Drink']"
"['Fruit Cake', 'Cold Drink', 'Juice', 'Chips']"
"['Butter', 'Fruit Cake']"
"['Butter', 'Milk', 'Chips', 'Cold Drink', 'Juice']"
['Cold Drink']
['Chips']
"['Fruit Cake', 'Chips', 'Butter', 'Milk', 'Juice']"
"['Cold Drink', 'Milk']"
"['Cold Drink', 'Juice', 'Bread']"
"['Fruit Cake', 'Milk', 'Bread', 'Juice']"
['Milk']
['Milk']
"['Milk', 'Cold Drink', 'Juice']"
"['Butter', 'Juice']"
['Cold Drink']
['Milk']
['Butter']
"['Milk', 'Cold Drink']"
"['Milk', 'Butter', 'Fruit Cake']"
"['Cold Drink', 'Bread']"
"['Milk', 'Juice']"
['Juice']
"['Bread', 'Fruit Cake', 'Butter', 'Juice']"
"['Butter', 'Chips', 'Cold Drink']"
['Cold Drink']
"['Cold Drink', 'Butter', 'Juice', 'Bread', 'Milk']"
['Fruit Cake']
"['Juice', 'Bread', 'Milk', 'Chips', 'Cold Drink']"
['Cold Drink']
"['Milk', 'Chips', 'Fruit Cake', 'Juice']"
"['Chips', 'Bread', 'Milk', 'Fruit Cake', 'Cold Drink']"
"['Cold Drink', 'Butter', 'Chips', 'Bread']"
"['Juice', 'Chips']"
"['Bread', 'Cold Drink', 'Milk', 'Chips', 'Juice']"
"['Milk', 'Juice', 'Cold Drink', 'Fruit Cake', 'Chips']"
"['Milk', 'Juice', 'Butter']"
"['Chips', 'Milk', 'Juice', 'Cold Drink']"
"['Bread', 'Chips', 'Juice', 'Butter']"
"['Fruit Cake', 'Chips']"
"['Bread', 'Chips', 'Fruit Cake']"
"['Bread', 'Milk', 'Butter', 'Juice', 'Cold Drink']"
"['Chips', 'Cold Drink', 'Fruit Cake', 'Juice']"
"['Chips', 'Butter']"
['Butter']
['Bread']
"['Cold Drink', 'Milk', 'Chips']"
"['Fruit Cake', 'Cold Drink', 'Chips', 'Milk', 'Butter']"
"['Chips', 'Butter', 'Cold Drink', 'Milk', 'Juice']"
['Fruit Cake']
"['Chips', 'Juice', 'Bread', 'Cold Drink']"
"['Butter', 'Cold Drink', 'Milk', 'Fruit Cake', 'Juice']"
"['Bread', 'Fruit Cake', 'Butter']"
"['Bread', 'Milk']"
"['Bread', 'Juice', 'Fruit Cake', 'Milk']"
"['Cold Drink', 'Milk', 'Butter', 'Juice']"
