CustomerID,PurchaseDate,TransactionAmount,ProductInformation,OrderID,Location
8814,2023-04-11,943.31,Product C,890075,Tokyo
2188,2023-04-11,463.7,Product A,176819,London
4608,2023-04-11,80.28,Product A,340062,New York
2559,2023-04-11,221.29,Product A,239145,London
9482,2023-04-11,739.56,Product A,194545,Paris
8483,2023-04-11,375.23,Product C,691194,Paris
8317,2023-04-11,272.56,Product B,826847,New York
6911,2023-04-11,433.33,Product C,963918,Tokyo
8993,2023-04-12,16.55,Product D,112426,New York
3519,2023-04-12,464.63,Product C,139726,New York
9005,2023-04-12,120.75,Product C,972064,Paris
9409,2023-04-12,865.98,Product A,597126,London
5670,2023-04-12,392.7,Product B,995296,London
8724,2023-04-12,623.35,Product C,739717,London
9148,2023-04-12,99.15,Product D,629996,Tokyo
5837,2023-04-12,978.17,Product D,387813,New York
2767,2023-04-12,299.57,Product D,342397,Tokyo
2824,2023-04-12,744.13,Product B,334053,London
9128,2023-04-12,388.9,Product D,281201,Paris
1520,2023-04-12,102.76,Product B,629903,New York
8719,2023-04-12,338.56,Product B,313701,Paris
8529,2023-04-12,132.99,Product B,562721,Tokyo
8705,2023-04-12,751.53,Product A,466960,London
6347,2023-04-12,637.78,Product D,614435,London
4161,2023-04-12,692.36,Product C,859587,London
2228,2023-04-12,997.19,Product B,777366,Tokyo
6638,2023-04-12,417.64,Product C,812597,London
5533,2023-04-13,13.51,Product B,768061,Paris
9871,2023-04-13,849.53,Product C,750817,Paris
9864,2023-04-13,621.28,Product B,761820,Paris
1146,2023-04-13,585.27,Product D,821846,London
9115,2023-04-13,134.98,Product C,205239,Tokyo
5494,2023-04-13,974.55,Product C,831295,London
4190,2023-04-13,786.12,Product B,745073,London
5583,2023-04-13,693.38,Product B,564920,Tokyo
2617,2023-04-13,575.3,Product D,789880,Tokyo
6878,2023-04-13,226.63,Product D,343007,New York
5349,2023-04-13,117.32,Product D,462479,Paris
5173,2023-04-13,711.7,Product A,645175,London
8216,2023-04-13,924.97,Product B,309385,Paris
4302,2023-04-13,793.2,Product A,430926,Paris
5087,2023-04-13,461.88,Product C,838862,London
2524,2023-04-13,922.06,Product D,834891,Paris
2741,2023-04-13,897.91,Product D,247271,Tokyo
2139,2023-04-13,664.65,Product C,183667,London
5919,2023-04-13,812.08,Product A,123682,Paris
7781,2023-04-13,566.9,Product B,877259,London
9584,2023-04-13,840.68,Product A,957730,New York
2848,2023-04-13,811.38,Product D,744793,New York
1742,2023-04-13,145.67,Product C,943019,Tokyo
3676,2023-04-14,223.31,Product C,599687,New York
9120,2023-04-14,972.57,Product D,923975,Paris
3573,2023-04-14,110.25,Product B,299212,Tokyo
2169,2023-04-14,174.26,Product C,723948,Paris
4401,2023-04-14,192.99,Product A,785010,Paris
8552,2023-04-14,176.31,Product D,961599,Tokyo
4909,2023-04-14,252.03,Product D,221620,Tokyo
9985,2023-04-14,36.1,Product D,649435,New York
7770,2023-04-14,195.71,Product C,752878,Tokyo
7797,2023-04-14,402.49,Product C,347231,Tokyo
3406,2023-04-14,174.68,Product B,641737,Tokyo
1323,2023-04-14,692.85,Product D,565897,Tokyo
2200,2023-04-14,186.21,Product C,685193,New York
5557,2023-04-14,511.86,Product D,522866,London
1616,2023-04-14,375.05,Product C,180458,New York
5347,2023-04-14,135.49,Product D,651640,New York
4923,2023-04-14,248.46,Product A,189814,Tokyo
1936,2023-04-14,588.34,Product B,159642,New York
3340,2023-04-15,535.2,Product A,739966,London
7461,2023-04-15,595.98,Product A,556112,London
5224,2023-04-15,388.85,Product B,809794,London
7429,2023-04-15,547.76,Product B,301528,Paris
2444,2023-04-15,270.46,Product C,183927,New York
3709,2023-04-15,753.92,Product C,352593,Paris
1753,2023-04-15,269.0,Product C,112960,London
8770,2023-04-15,100.31,Product A,197758,Tokyo
6482,2023-04-15,336.39,Product D,397949,Paris
3538,2023-04-15,302.83,Product A,632351,New York
1136,2023-04-15,394.76,Product C,795186,Paris
2832,2023-04-15,945.6,Product B,672092,New York
6201,2023-04-15,561.77,Product A,293079,Paris
4044,2023-04-15,599.08,Product B,523389,New York
3153,2023-04-16,910.53,Product C,883790,Tokyo
1502,2023-04-16,748.65,Product B,494468,Tokyo
9584,2023-04-16,401.81,Product C,882033,Paris
7955,2023-04-16,436.3,Product B,671971,Paris
8292,2023-04-16,812.41,Product C,800280,Paris
9740,2023-04-16,507.55,Product B,720556,London
1464,2023-04-16,55.01,Product C,782759,London
4814,2023-04-16,159.18,Product D,327738,Paris
9008,2023-04-16,899.9,Product D,947975,New York
6077,2023-04-16,516.19,Product B,947312,London
4559,2023-04-16,897.63,Product B,888996,New York
5102,2023-04-16,378.13,Product B,154302,Tokyo
3807,2023-04-16,504.86,Product D,776234,Paris
8239,2023-04-16,605.2,Product A,356600,Paris
8449,2023-04-16,257.58,Product B,853270,New York
3110,2023-04-16,906.03,Product C,228479,New York
4271,2023-04-17,35.48,Product B,769191,Paris
9042,2023-04-17,873.99,Product C,592198,Tokyo
7224,2023-04-17,365.39,Product C,733052,Paris
2902,2023-04-17,242.45,Product B,507524,Tokyo
1803,2023-04-17,422.79,Product B,269172,Paris
7965,2023-04-17,738.63,Product B,412170,New York
4871,2023-04-17,154.98,Product B,281926,London
8909,2023-04-17,302.48,Product A,221707,London
6262,2023-04-17,89.27,Product C,421384,Tokyo
1879,2023-04-17,442.72,Product A,457137,Tokyo
3937,2023-04-17,918.87,Product B,352674,London
1820,2023-04-17,815.05,Product A,993647,Paris
5813,2023-04-17,476.07,Product C,860413,London
9564,2023-04-17,35.02,Product B,155642,New York
3308,2023-04-17,60.1,Product D,745270,Tokyo
3103,2023-04-17,393.53,Product C,628597,Tokyo
6096,2023-04-17,582.9,Product C,703766,Tokyo
2809,2023-04-17,527.97,Product A,145903,London
5476,2023-04-18,801.35,Product D,519453,Tokyo
8490,2023-04-18,701.26,Product D,430984,New York
8195,2023-04-18,474.01,Product C,833723,Tokyo
9418,2023-04-18,383.43,Product D,392670,Paris
4279,2023-04-18,144.37,Product A,574001,London
8414,2023-04-18,106.46,Product B,102303,Paris
2029,2023-04-18,838.32,Product D,725726,New York
4568,2023-04-18,243.61,Product D,440277,New York
9369,2023-04-18,576.99,Product C,912764,Paris
6169,2023-04-18,745.45,Product B,300845,London
9561,2023-04-18,524.56,Product D,786341,London
3858,2023-04-18,664.45,Product A,238205,New York
2494,2023-04-18,709.16,Product C,189450,Tokyo
4990,2023-04-19,789.11,Product B,171942,London
3392,2023-04-19,47.92,Product D,829884,London
2911,2023-04-19,54.89,Product A,419149,Tokyo
2749,2023-04-19,192.9,Product C,735022,London
7971,2023-04-19,261.97,Product B,187889,Paris
6447,2023-04-19,53.89,Product C,953025,London
7484,2023-04-19,674.97,Product C,579434,Paris
7421,2023-04-19,599.09,Product A,424620,Tokyo
4157,2023-04-19,52.25,Product A,816308,Tokyo
5450,2023-04-19,118.13,Product B,354235,New York
9835,2023-04-19,657.0,Product C,224395,London
1924,2023-04-19,508.86,Product C,345536,Paris
1706,2023-04-19,577.75,Product B,241268,New York
8429,2023-04-19,518.12,Product D,691303,New York
3878,2023-04-19,386.41,Product B,624563,Paris
9488,2023-04-20,311.08,Product B,438334,London
9129,2023-04-20,337.86,Product A,349556,Paris
1601,2023-04-20,855.29,Product C,447195,New York
1317,2023-04-20,59.14,Product A,294969,New York
3485,2023-04-20,813.03,Product C,189318,London
1510,2023-04-20,850.18,Product D,136489,London
2009,2023-04-20,754.71,Product A,189870,Paris
4695,2023-04-20,348.37,Product D,788842,London
8017,2023-04-21,14.78,Product B,923824,London
8871,2023-04-21,528.99,Product D,254954,London
6293,2023-04-21,632.87,Product A,880900,New York
5994,2023-04-21,987.78,Product D,753453,London
8269,2023-04-21,697.06,Product A,148225,Paris
8123,2023-04-21,459.19,Product C,624902,London
7981,2023-04-21,692.87,Product C,568849,New York
4695,2023-04-21,456.77,Product A,409234,New York
8310,2023-04-21,187.35,Product B,871667,Tokyo
9276,2023-04-21,421.77,Product D,196411,Paris
9537,2023-04-21,688.46,Product B,245584,Paris
9267,2023-04-21,131.93,Product A,493417,Paris
6234,2023-04-21,639.82,Product A,961574,Paris
2481,2023-04-21,809.52,Product C,966529,New York
6770,2023-04-21,148.56,Product D,292988,New York
6816,2023-04-21,650.53,Product A,690579,Tokyo
3131,2023-04-21,588.15,Product C,105919,Paris
3527,2023-04-21,189.04,Product B,856215,Tokyo
5371,2023-04-21,789.5,Product A,501124,New York
7043,2023-04-21,609.83,Product A,915573,London
4450,2023-04-21,403.08,Product A,166891,Tokyo
7151,2023-04-21,734.67,Product A,454366,Tokyo
2296,2023-04-21,350.19,Product C,432270,Paris
2234,2023-04-22,951.78,Product D,586490,Tokyo
2083,2023-04-22,927.83,Product D,747033,Tokyo
4022,2023-04-22,644.07,Product D,514798,New York
2577,2023-04-22,481.11,Product A,921945,New York
4585,2023-04-22,806.07,Product D,152657,London
5557,2023-04-22,996.98,Product D,765620,Tokyo
2121,2023-04-22,145.26,Product A,767830,Tokyo
8178,2023-04-22,615.21,Product C,741055,New York
4164,2023-04-22,614.84,Product D,967161,Tokyo
9821,2023-04-22,979.58,Product C,472358,Paris
8135,2023-04-22,736.46,Product C,745830,Tokyo
5254,2023-04-22,553.08,Product B,382495,Tokyo
9796,2023-04-22,372.14,Product B,579776,New York
3877,2023-04-23,140.84,Product C,656639,Paris
9571,2023-04-23,364.34,Product D,409698,London
4755,2023-04-23,836.59,Product C,263573,New York
5470,2023-04-23,810.73,Product C,270387,Tokyo
3846,2023-04-23,876.43,Product B,977633,New York
4054,2023-04-23,505.64,Product D,687923,New York
3363,2023-04-23,606.44,Product D,624369,New York
5105,2023-04-23,638.71,Product C,231250,Paris
2462,2023-04-23,447.3,Product D,876936,Tokyo
5051,2023-04-23,840.84,Product B,350132,London
9824,2023-04-23,270.6,Product A,862760,New York
7669,2023-04-23,103.38,Product D,471507,Tokyo
2702,2023-04-24,542.38,Product D,777968,New York
5861,2023-04-24,969.02,Product A,884309,Paris
6633,2023-04-24,418.53,Product B,268772,London
9595,2023-04-24,698.87,Product A,214611,New York
4943,2023-04-24,76.62,Product A,568127,New York
1149,2023-04-24,510.68,Product C,163386,Tokyo
8848,2023-04-24,594.88,Product D,123536,London
4291,2023-04-24,627.93,Product C,819964,Paris
4882,2023-04-24,812.6,Product C,845279,Tokyo
8311,2023-04-24,996.4,Product C,827691,Tokyo
6617,2023-04-24,690.62,Product C,629959,Tokyo
1256,2023-04-24,591.17,Product D,180674,Paris
5809,2023-04-24,950.81,Product D,688602,New York
5272,2023-04-24,673.03,Product C,350280,Paris
6820,2023-04-24,673.47,Product A,738720,London
8609,2023-04-24,346.79,Product B,427766,Paris
6363,2023-04-24,460.15,Product C,898207,Tokyo
2072,2023-04-24,673.63,Product B,818699,Tokyo
4944,2023-04-24,587.51,Product A,152995,Paris
8355,2023-04-25,538.67,Product C,947903,Tokyo
3938,2023-04-25,806.29,Product A,520400,New York
5076,2023-04-25,696.59,Product C,427252,London
7870,2023-04-25,328.58,Product D,855276,Paris
6085,2023-04-25,808.5,Product B,125611,New York
5920,2023-04-25,222.67,Product C,122755,Paris
1391,2023-04-25,546.13,Product A,451291,New York
9700,2023-04-25,641.57,Product A,205065,Tokyo
1744,2023-04-25,401.31,Product A,108060,London
4166,2023-04-25,41.91,Product A,382967,Tokyo
6068,2023-04-25,254.92,Product C,564687,London
9922,2023-04-25,651.16,Product C,966785,London
8711,2023-04-25,207.58,Product D,466643,Paris
9841,2023-04-25,806.66,Product D,422823,Paris
4728,2023-04-25,33.43,Product B,517821,Paris
5853,2023-04-25,367.27,Product C,114835,London
4804,2023-04-25,690.5,Product C,183336,Tokyo
1920,2023-04-25,605.65,Product A,652021,Tokyo
2527,2023-04-25,992.33,Product A,583863,New York
8579,2023-04-26,875.74,Product A,564656,New York
1651,2023-04-26,923.05,Product C,449773,Tokyo
2847,2023-04-26,504.59,Product A,653948,New York
6228,2023-04-26,471.81,Product C,571435,London
3275,2023-04-26,792.47,Product A,478427,Paris
2982,2023-04-26,232.45,Product C,122056,London
6416,2023-04-26,12.71,Product A,215795,Tokyo
3287,2023-04-26,747.54,Product C,883300,Tokyo
2101,2023-04-26,780.73,Product C,479742,Tokyo
4150,2023-04-26,286.22,Product C,335790,Paris
9084,2023-04-26,224.71,Product D,575779,Tokyo
7363,2023-04-26,262.45,Product C,778120,New York
2747,2023-04-26,387.55,Product C,702733,Paris
3573,2023-04-26,182.08,Product A,264136,New York
6253,2023-04-26,308.75,Product B,792282,London
4762,2023-04-26,466.02,Product B,389039,London
9680,2023-04-26,425.62,Product A,249289,Paris
3174,2023-04-26,154.78,Product C,968726,London
9589,2023-04-26,249.89,Product C,914504,Tokyo
1500,2023-04-26,378.74,Product D,286209,Tokyo
4817,2023-04-27,812.96,Product A,698199,Tokyo
2752,2023-04-27,614.74,Product B,226611,Tokyo
5915,2023-04-27,566.52,Product A,517754,New York
6742,2023-04-27,789.15,Product A,150486,Tokyo
6221,2023-04-27,952.15,Product A,458411,London
1731,2023-04-27,445.34,Product C,337232,Paris
3695,2023-04-27,914.91,Product D,945664,Paris
1228,2023-04-27,541.21,Product D,486490,Paris
9465,2023-04-27,382.57,Product B,641455,Tokyo
2702,2023-04-27,621.92,Product A,786641,Tokyo
9625,2023-04-27,817.06,Product C,933551,Tokyo
9669,2023-04-27,971.37,Product A,813328,New York
8368,2023-04-27,355.09,Product A,560398,New York
6053,2023-04-27,366.05,Product D,588640,New York
7322,2023-04-27,544.83,Product C,125905,Paris
4614,2023-04-27,88.42,Product B,641704,Paris
9288,2023-04-27,141.13,Product C,172132,London
7753,2023-04-27,164.16,Product A,100096,London
5843,2023-04-27,907.84,Product D,507135,New York
8925,2023-04-27,988.62,Product C,911801,Tokyo
9849,2023-04-27,663.99,Product C,349087,New York
1265,2023-04-27,557.78,Product D,409531,London
3705,2023-04-27,532.4,Product D,322086,London
2419,2023-04-28,882.81,Product B,886931,Tokyo
9374,2023-04-28,403.9,Product B,156778,Tokyo
8418,2023-04-28,703.47,Product D,296911,Paris
9105,2023-04-28,329.64,Product C,454161,London
8933,2023-04-28,727.34,Product C,205409,London
8790,2023-04-28,56.1,Product A,817675,Paris
6574,2023-04-28,163.92,Product C,207175,New York
5622,2023-04-28,133.79,Product D,862427,New York
2336,2023-04-28,448.68,Product D,609253,Tokyo
5059,2023-04-28,648.17,Product B,680278,Paris
7363,2023-04-28,188.02,Product C,726121,London
7785,2023-04-28,223.41,Product A,461939,Tokyo
2344,2023-04-28,162.68,Product B,875584,Tokyo
8145,2023-04-28,841.71,Product B,812591,Paris
5933,2023-04-28,498.19,Product A,275329,Tokyo
4275,2023-04-28,752.68,Product B,400538,Paris
4371,2023-04-28,754.8,Product A,705393,New York
1046,2023-04-28,859.82,Product B,236306,Paris
7054,2023-04-29,166.17,Product C,741390,New York
7921,2023-04-29,617.0,Product A,823468,London
6634,2023-04-29,474.51,Product A,821179,Tokyo
4131,2023-04-29,363.4,Product A,787584,Paris
4879,2023-04-29,268.38,Product C,939717,Tokyo
2389,2023-04-29,520.3,Product C,197923,London
2417,2023-04-29,767.62,Product D,499941,Tokyo
9941,2023-04-29,960.53,Product B,412534,Paris
3399,2023-04-29,51.65,Product A,463188,Tokyo
8362,2023-04-29,821.22,Product C,576136,New York
1842,2023-04-29,604.41,Product C,208633,London
1519,2023-04-29,414.78,Product B,903028,Tokyo
2816,2023-04-29,681.44,Product D,652530,Paris
4792,2023-04-29,709.89,Product D,174637,London
7418,2023-04-29,649.71,Product B,618927,Tokyo
6617,2023-04-29,458.32,Product B,244892,Tokyo
1984,2023-04-29,208.69,Product C,155663,Tokyo
9747,2023-04-29,878.7,Product D,947568,New York
1919,2023-04-29,364.88,Product D,252640,London
9022,2023-04-29,148.89,Product C,982885,Tokyo
5067,2023-04-29,102.08,Product C,179721,London
1645,2023-04-30,790.72,Product A,707727,Paris
4700,2023-04-30,687.2,Product A,785491,New York
3219,2023-04-30,16.7,Product D,448354,Tokyo
1749,2023-04-30,948.98,Product D,863187,Paris
1886,2023-04-30,529.14,Product C,666157,London
7199,2023-04-30,736.66,Product C,233534,London
8625,2023-04-30,168.12,Product C,823821,New York
6707,2023-04-30,349.64,Product B,646428,Tokyo
2075,2023-04-30,712.47,Product D,242239,New York
5438,2023-04-30,258.89,Product A,856321,London
4986,2023-04-30,667.32,Product C,596249,Paris
1372,2023-04-30,468.37,Product D,657772,Tokyo
7885,2023-04-30,787.87,Product D,489438,Tokyo
7775,2023-04-30,282.4,Product B,756401,Tokyo
8803,2023-04-30,88.17,Product A,626491,London
9393,2023-04-30,844.64,Product C,846454,London
8816,2023-04-30,19.04,Product D,936726,Paris
9680,2023-04-30,418.98,Product B,244037,London
4893,2023-04-30,130.63,Product B,540218,Tokyo
2077,2023-04-30,404.18,Product D,651231,Tokyo
1901,2023-04-30,669.42,Product B,225245,New York
8807,2023-05-01,360.0,Product C,291663,London
5903,2023-05-01,374.88,Product D,960109,New York
5742,2023-05-01,128.78,Product D,883301,Tokyo
3695,2023-05-01,855.94,Product D,221886,London
1341,2023-05-01,180.15,Product D,972442,Paris
8822,2023-05-01,936.47,Product A,373453,Tokyo
9442,2023-05-01,95.87,Product A,293757,London
1715,2023-05-01,747.26,Product D,504832,London
5706,2023-05-01,292.56,Product A,906066,New York
2557,2023-05-01,432.5,Product C,492483,London
8324,2023-05-01,127.52,Product D,881439,New York
4154,2023-05-01,518.76,Product A,275526,New York
4812,2023-05-01,981.86,Product C,944654,Tokyo
6502,2023-05-01,894.1,Product A,245095,London
8094,2023-05-01,26.72,Product A,660814,New York
3194,2023-05-01,126.68,Product C,222629,London
9788,2023-05-01,396.82,Product A,425236,Tokyo
7521,2023-05-01,653.07,Product B,218959,New York
6345,2023-05-01,458.23,Product B,178315,London
8225,2023-05-01,424.59,Product D,824042,London
4912,2023-05-01,723.79,Product D,299092,Tokyo
3463,2023-05-02,90.69,Product B,466813,Paris
2655,2023-05-02,308.75,Product B,265154,Tokyo
7798,2023-05-02,934.91,Product C,960408,New York
1225,2023-05-02,696.86,Product A,419939,Tokyo
9785,2023-05-02,939.84,Product A,373903,London
5342,2023-05-02,627.03,Product D,781403,New York
7678,2023-05-02,547.19,Product D,165290,London
3793,2023-05-02,363.95,Product D,752011,Paris
7334,2023-05-02,973.99,Product D,825686,Tokyo
1011,2023-05-02,918.72,Product B,945619,London
4111,2023-05-02,729.28,Product B,819656,Tokyo
4630,2023-05-02,781.33,Product A,635280,New York
1480,2023-05-02,809.04,Product C,649300,New York
4214,2023-05-02,237.72,Product B,623555,Paris
9268,2023-05-02,660.96,Product D,469438,Paris
3623,2023-05-02,564.25,Product D,343118,Tokyo
1331,2023-05-02,819.21,Product C,426053,Paris
8432,2023-05-02,165.84,Product C,856648,Paris
3634,2023-05-02,417.53,Product D,402218,Tokyo
1519,2023-05-02,89.42,Product B,158760,Paris
7209,2023-05-02,38.41,Product C,290672,Tokyo
8216,2023-05-02,192.52,Product A,364742,Tokyo
6478,2023-05-03,880.99,Product D,536754,New York
7363,2023-05-03,935.85,Product B,284654,London
6703,2023-05-03,963.65,Product C,337288,London
7291,2023-05-03,963.62,Product C,929504,London
4475,2023-05-03,799.85,Product C,393243,Paris
6730,2023-05-03,171.88,Product C,885342,New York
8210,2023-05-03,725.21,Product B,531709,Tokyo
2468,2023-05-03,558.68,Product C,503951,New York
9674,2023-05-03,769.17,Product B,267378,New York
6420,2023-05-03,136.93,Product B,204904,Paris
1920,2023-05-03,512.26,Product C,584172,Tokyo
9950,2023-05-03,679.11,Product C,739711,Tokyo
7204,2023-05-03,550.56,Product A,969067,Tokyo
8542,2023-05-03,164.55,Product C,484914,London
8895,2023-05-03,667.07,Product D,255875,New York
4029,2023-05-04,886.64,Product C,295646,Tokyo
7437,2023-05-04,122.75,Product B,720995,London
6188,2023-05-04,115.49,Product A,423241,Tokyo
2294,2023-05-04,959.7,Product D,692447,London
7543,2023-05-04,227.13,Product B,634277,Tokyo
7563,2023-05-04,689.42,Product A,710610,Paris
7939,2023-05-04,354.82,Product C,461260,New York
2337,2023-05-04,232.29,Product C,203896,Paris
4178,2023-05-04,681.52,Product D,584106,Paris
9368,2023-05-04,64.88,Product B,485548,London
9576,2023-05-04,77.0,Product A,509420,Tokyo
3735,2023-05-04,135.66,Product C,868538,New York
6584,2023-05-04,827.06,Product B,985331,Tokyo
3435,2023-05-04,398.57,Product C,240384,Tokyo
5331,2023-05-04,241.68,Product B,643042,Paris
3578,2023-05-04,606.0,Product A,793223,London
2522,2023-05-04,816.81,Product B,219361,Tokyo
7606,2023-05-04,54.79,Product A,697983,London
7453,2023-05-04,796.95,Product C,684929,Paris
1590,2023-05-04,246.86,Product A,265092,New York
9331,2023-05-04,28.05,Product C,289019,London
3504,2023-05-04,764.89,Product A,728038,Paris
6050,2023-05-04,899.99,Product A,475190,London
6621,2023-05-04,192.07,Product D,320759,Tokyo
5833,2023-05-04,618.48,Product B,240057,Tokyo
5488,2023-05-04,825.27,Product D,766275,New York
7099,2023-05-04,855.78,Product C,572623,London
3697,2023-05-05,12.13,Product D,378085,Tokyo
9307,2023-05-05,468.08,Product A,571579,London
2425,2023-05-05,560.8,Product C,998235,Paris
4788,2023-05-05,697.01,Product B,167348,Tokyo
3369,2023-05-05,198.7,Product B,173201,Paris
7251,2023-05-05,422.4,Product C,678944,New York
4751,2023-05-05,98.44,Product A,208214,Paris
6963,2023-05-05,921.02,Product B,999138,New York
9289,2023-05-05,736.32,Product A,749838,Paris
7883,2023-05-05,905.79,Product A,998348,Tokyo
9899,2023-05-05,896.8,Product D,958130,Paris
2654,2023-05-05,285.19,Product C,270555,Paris
8254,2023-05-05,567.54,Product B,894268,Paris
4765,2023-05-05,391.61,Product A,117367,London
5634,2023-05-05,414.68,Product C,811875,New York
2682,2023-05-05,508.3,Product C,275133,New York
9609,2023-05-05,320.62,Product B,581992,Paris
8821,2023-05-05,14.62,Product B,866151,Paris
5583,2023-05-05,145.86,Product B,773870,London
6168,2023-05-06,275.06,Product B,694731,Paris
9328,2023-05-06,788.22,Product A,268546,Tokyo
8161,2023-05-06,257.4,Product D,968668,Tokyo
1992,2023-05-06,283.12,Product A,989227,Tokyo
2180,2023-05-06,863.15,Product A,557409,New York
6828,2023-05-06,518.33,Product C,372804,London
6658,2023-05-06,139.46,Product C,639995,New York
1813,2023-05-06,576.05,Product D,261050,New York
9802,2023-05-06,533.55,Product B,975373,New York
9444,2023-05-06,989.23,Product D,365618,New York
6344,2023-05-06,700.24,Product B,301158,Tokyo
1993,2023-05-06,730.93,Product A,360735,London
2681,2023-05-06,418.22,Product A,966028,New York
8201,2023-05-06,885.55,Product C,583757,London
6107,2023-05-06,995.2,Product C,559381,Tokyo
5512,2023-05-06,152.41,Product D,140666,Tokyo
2531,2023-05-06,385.47,Product D,158840,New York
3662,2023-05-06,990.71,Product C,722565,Paris
9756,2023-05-06,225.65,Product D,964915,London
6172,2023-05-07,955.89,Product A,834861,Paris
9702,2023-05-07,570.27,Product B,278240,London
5521,2023-05-07,306.75,Product A,478666,Paris
2843,2023-05-07,158.15,Product A,210766,New York
9871,2023-05-07,971.0,Product B,680493,New York
7793,2023-05-07,55.04,Product C,687638,London
1104,2023-05-07,146.12,Product B,171269,London
9908,2023-05-07,265.23,Product A,843596,New York
6175,2023-05-07,368.65,Product B,546768,Paris
5933,2023-05-07,665.05,Product C,753050,London
3724,2023-05-07,490.78,Product B,520521,New York
9553,2023-05-07,376.67,Product A,831531,Tokyo
9173,2023-05-07,883.95,Product D,163941,New York
4743,2023-05-07,345.54,Product D,518098,Tokyo
5781,2023-05-07,393.92,Product A,860053,London
1715,2023-05-07,370.66,Product B,565776,Paris
6614,2023-05-07,987.32,Product D,250181,Paris
7821,2023-05-07,157.73,Product D,292811,Tokyo
1011,2023-05-08,210.3,Product B,781571,Paris
8616,2023-05-08,827.48,Product C,437960,London
5471,2023-05-08,490.79,Product D,452457,Tokyo
7286,2023-05-08,193.9,Product B,681868,London
3114,2023-05-08,507.84,Product A,971776,New York
5673,2023-05-08,699.63,Product D,262316,London
2761,2023-05-08,142.6,Product C,862847,Paris
2443,2023-05-08,846.04,Product B,556839,Tokyo
6967,2023-05-08,79.27,Product C,753425,Paris
3502,2023-05-08,970.83,Product C,570988,London
1507,2023-05-08,943.02,Product B,736818,Tokyo
5511,2023-05-08,896.53,Product C,581294,Paris
5970,2023-05-09,748.15,Product C,259338,London
9535,2023-05-09,419.85,Product B,995706,New York
5469,2023-05-09,906.25,Product B,971415,Tokyo
8685,2023-05-09,619.19,Product A,119927,Paris
5819,2023-05-09,185.65,Product A,296059,London
5719,2023-05-09,882.04,Product D,227324,New York
7693,2023-05-09,692.48,Product D,405407,New York
4401,2023-05-09,315.22,Product C,993892,New York
6299,2023-05-09,34.66,Product D,718990,London
3693,2023-05-09,471.39,Product D,226601,Paris
4232,2023-05-09,596.28,Product D,104666,London
6399,2023-05-09,341.39,Product B,415029,Paris
8061,2023-05-09,561.42,Product D,208310,New York
6898,2023-05-09,453.02,Product D,100205,New York
4858,2023-05-09,756.22,Product C,416613,New York
5499,2023-05-09,86.71,Product C,345884,Paris
7146,2023-05-09,84.76,Product A,522419,Paris
9514,2023-05-10,917.99,Product A,924758,Tokyo
1200,2023-05-10,502.65,Product D,669902,New York
3906,2023-05-10,751.84,Product C,137581,New York
4575,2023-05-10,309.12,Product D,712879,New York
4974,2023-05-10,374.59,Product D,910143,London
8863,2023-05-10,450.9,Product C,610626,New York
2291,2023-05-10,449.75,Product D,192295,Tokyo
8399,2023-05-10,828.74,Product A,357657,Tokyo
5694,2023-05-10,635.4,Product B,275715,Paris
2551,2023-05-10,110.89,Product B,227352,New York
7557,2023-05-10,279.11,Product D,823415,Tokyo
1392,2023-05-10,629.21,Product A,873291,London
4532,2023-05-10,826.31,Product B,851606,Paris
2310,2023-05-10,803.01,Product A,478458,Tokyo
7046,2023-05-10,950.75,Product C,710224,New York
7408,2023-05-10,774.62,Product B,461724,New York
1601,2023-05-10,97.18,Product C,438977,New York
8372,2023-05-10,683.31,Product C,234568,London
2988,2023-05-10,142.01,Product D,800005,Paris
3509,2023-05-10,750.26,Product C,536045,Tokyo
7735,2023-05-10,865.2,Product A,806073,New York
4804,2023-05-10,641.53,Product D,367729,New York
9508,2023-05-10,157.45,Product B,443897,Paris
5150,2023-05-11,642.13,Product B,477934,New York
2494,2023-05-11,354.48,Product C,436653,New York
5949,2023-05-11,252.43,Product D,411882,Tokyo
3140,2023-05-11,921.19,Product A,531262,Tokyo
9824,2023-05-11,351.67,Product D,577463,Paris
5011,2023-05-11,615.16,Product A,577538,Tokyo
4290,2023-05-11,321.04,Product D,434640,Paris
3450,2023-05-11,807.61,Product B,541996,Tokyo
9991,2023-05-11,626.81,Product B,828834,New York
2118,2023-05-11,447.79,Product C,935012,Paris
2526,2023-05-11,662.8,Product A,912510,Tokyo
4555,2023-05-11,216.8,Product C,417915,New York
2041,2023-05-11,453.79,Product C,638169,New York
1504,2023-05-11,164.76,Product B,243006,Tokyo
2342,2023-05-11,845.33,Product C,923002,Tokyo
6706,2023-05-11,106.65,Product D,434400,New York
7358,2023-05-11,918.72,Product A,141843,Paris
9363,2023-05-12,777.0,Product D,182216,Tokyo
8715,2023-05-12,895.93,Product C,195563,Tokyo
3832,2023-05-12,827.45,Product A,724145,Paris
2741,2023-05-12,206.66,Product B,915749,Paris
4048,2023-05-12,522.57,Product A,374492,Paris
7434,2023-05-12,150.75,Product C,758309,Tokyo
3522,2023-05-12,933.33,Product C,633590,Paris
1108,2023-05-13,883.21,Product D,273650,London
7256,2023-05-13,532.19,Product B,956572,London
9210,2023-05-13,99.65,Product C,626560,New York
8405,2023-05-13,229.33,Product A,862569,Paris
5460,2023-05-13,544.58,Product D,184349,New York
4637,2023-05-13,749.38,Product B,567432,Paris
2263,2023-05-13,647.04,Product B,257538,London
7670,2023-05-13,115.4,Product A,627611,Paris
9693,2023-05-13,201.96,Product C,468154,London
1120,2023-05-13,999.44,Product C,688730,Paris
7723,2023-05-13,777.22,Product D,989587,New York
3196,2023-05-13,847.68,Product D,846606,Paris
4892,2023-05-13,786.46,Product C,826596,New York
7529,2023-05-13,440.15,Product B,899049,London
6354,2023-05-13,700.79,Product B,152973,Tokyo
6873,2023-05-13,307.19,Product B,981473,London
5254,2023-05-14,579.39,Product C,236014,Tokyo
3262,2023-05-14,215.27,Product C,794395,Tokyo
2633,2023-05-14,911.34,Product A,857537,London
2341,2023-05-14,452.28,Product C,181896,New York
6542,2023-05-14,527.87,Product A,553873,London
3150,2023-05-14,840.13,Product A,136862,Paris
8126,2023-05-14,643.39,Product C,464032,Tokyo
8199,2023-05-14,527.52,Product B,481574,Paris
1166,2023-05-14,948.58,Product A,353080,Tokyo
9901,2023-05-14,498.97,Product B,992400,Tokyo
9064,2023-05-15,315.96,Product D,139807,New York
7566,2023-05-15,511.55,Product D,670053,New York
6986,2023-05-15,686.11,Product D,907788,New York
6688,2023-05-15,434.09,Product C,172306,Paris
4683,2023-05-15,295.78,Product D,693127,Tokyo
4510,2023-05-15,140.99,Product D,354801,Tokyo
4116,2023-05-15,454.13,Product D,292401,Paris
8859,2023-05-15,783.62,Product C,693128,Paris
4804,2023-05-15,741.3,Product A,283568,Tokyo
7865,2023-05-15,750.04,Product B,611945,London
2063,2023-05-16,546.75,Product C,992717,London
6439,2023-05-16,769.74,Product D,851470,Paris
3024,2023-05-16,260.21,Product B,315477,New York
1645,2023-05-16,501.39,Product B,821634,Tokyo
1643,2023-05-16,393.52,Product A,299072,Paris
6829,2023-05-16,941.73,Product D,294760,Tokyo
6939,2023-05-16,295.72,Product D,628750,Tokyo
4863,2023-05-16,437.9,Product D,305587,London
6714,2023-05-16,934.36,Product C,401769,New York
7653,2023-05-16,835.39,Product C,400850,London
8879,2023-05-16,206.13,Product D,783932,London
9004,2023-05-16,760.58,Product D,777278,Tokyo
2940,2023-05-16,766.8,Product B,913373,Tokyo
9376,2023-05-16,574.96,Product B,198867,New York
1182,2023-05-16,876.02,Product B,229221,New York
1944,2023-05-16,418.55,Product D,684357,London
1082,2023-05-17,600.69,Product A,419491,London
3762,2023-05-17,766.84,Product D,923353,New York
9918,2023-05-17,182.11,Product D,483041,New York
5888,2023-05-17,606.76,Product C,398384,Tokyo
1517,2023-05-17,948.72,Product A,300051,New York
9443,2023-05-17,249.52,Product B,405420,Tokyo
3148,2023-05-17,689.15,Product A,855829,Paris
8796,2023-05-17,747.86,Product D,375311,New York
1972,2023-05-17,357.31,Product C,725850,London
4943,2023-05-17,550.17,Product D,902903,Paris
9044,2023-05-17,784.15,Product C,494322,Paris
9897,2023-05-17,661.53,Product B,991737,Paris
3661,2023-05-17,248.07,Product D,809922,Paris
7170,2023-05-18,906.98,Product A,367865,London
7431,2023-05-18,123.09,Product C,986589,Tokyo
7455,2023-05-18,568.75,Product A,188025,Tokyo
7049,2023-05-18,557.0,Product D,233636,New York
5033,2023-05-18,598.57,Product A,539589,Paris
7824,2023-05-18,314.6,Product A,725905,Tokyo
3420,2023-05-18,707.65,Product B,911982,New York
1273,2023-05-18,76.86,Product C,326222,New York
6661,2023-05-18,306.16,Product D,823846,Paris
9108,2023-05-19,883.52,Product D,399628,New York
8359,2023-05-19,992.85,Product D,278852,London
5660,2023-05-19,26.14,Product B,416503,New York
6277,2023-05-19,156.85,Product B,388375,Paris
4616,2023-05-19,720.67,Product A,318877,Tokyo
7916,2023-05-19,72.89,Product D,724834,Tokyo
1530,2023-05-19,161.9,Product D,488984,Paris
7859,2023-05-19,916.75,Product B,386886,Tokyo
7240,2023-05-19,535.25,Product D,630108,Tokyo
4770,2023-05-19,803.91,Product B,767542,London
7730,2023-05-19,151.29,Product B,753484,Paris
8149,2023-05-19,984.39,Product A,503906,London
3837,2023-05-19,802.86,Product B,364650,Paris
1430,2023-05-19,929.79,Product C,130359,London
5382,2023-05-19,648.2,Product C,566509,Paris
1685,2023-05-19,737.98,Product D,855185,Paris
3983,2023-05-19,325.03,Product B,770718,New York
6267,2023-05-19,480.87,Product B,164879,Tokyo
3120,2023-05-20,439.37,Product D,522988,Tokyo
3719,2023-05-20,147.84,Product B,953047,London
9383,2023-05-20,950.26,Product D,677079,Tokyo
7457,2023-05-20,939.75,Product A,645940,New York
6776,2023-05-20,998.17,Product C,770532,New York
8251,2023-05-20,816.86,Product D,970914,Tokyo
9615,2023-05-20,704.3,Product C,151470,Paris
3525,2023-05-20,290.3,Product D,772036,Paris
1567,2023-05-20,622.98,Product B,778720,Paris
1025,2023-05-20,359.29,Product D,296412,New York
2293,2023-05-20,872.13,Product B,621841,London
4617,2023-05-20,836.4,Product B,220190,London
7825,2023-05-20,642.6,Product D,757629,Paris
9761,2023-05-20,58.1,Product A,794125,New York
1713,2023-05-21,393.01,Product C,365971,New York
6822,2023-05-21,309.3,Product C,951331,New York
6934,2023-05-21,892.66,Product D,841666,London
7911,2023-05-21,616.19,Product D,990136,New York
2035,2023-05-21,825.62,Product C,780776,Tokyo
3871,2023-05-21,499.42,Product A,311505,Paris
1185,2023-05-21,209.18,Product C,366776,New York
3280,2023-05-21,309.8,Product C,790658,London
6134,2023-05-21,67.43,Product D,386814,London
5285,2023-05-22,365.96,Product B,165142,New York
7666,2023-05-22,935.68,Product D,600641,London
5350,2023-05-22,785.07,Product B,856442,New York
7797,2023-05-22,108.03,Product D,745558,Tokyo
9266,2023-05-22,180.83,Product B,841995,Tokyo
6499,2023-05-22,98.41,Product C,334176,Paris
4387,2023-05-22,147.19,Product B,244818,Paris
1190,2023-05-22,935.03,Product D,993251,Tokyo
7275,2023-05-22,490.73,Product D,139285,London
1828,2023-05-22,999.29,Product A,197793,London
3879,2023-05-22,610.56,Product C,966589,London
7909,2023-05-22,887.26,Product B,218548,London
3417,2023-05-22,690.75,Product A,916232,Tokyo
4483,2023-05-22,504.24,Product D,249811,Paris
4626,2023-05-22,232.86,Product B,382154,Tokyo
8504,2023-05-22,964.39,Product A,602248,Tokyo
5664,2023-05-22,745.5,Product C,532961,London
5192,2023-05-22,238.85,Product C,376955,Tokyo
8982,2023-05-22,324.11,Product C,334081,London
8758,2023-05-23,123.25,Product B,587623,Paris
2229,2023-05-23,641.14,Product C,638009,London
8493,2023-05-23,593.42,Product B,623059,New York
5762,2023-05-23,76.69,Product A,307007,Tokyo
7078,2023-05-23,949.89,Product D,715870,London
3535,2023-05-23,487.37,Product A,467121,Paris
6400,2023-05-23,131.01,Product C,797660,Tokyo
5088,2023-05-23,111.77,Product D,750810,London
9621,2023-05-23,256.28,Product B,685549,Tokyo
3804,2023-05-23,628.23,Product C,983456,New York
5060,2023-05-23,248.74,Product A,901164,London
9538,2023-05-23,982.29,Product D,508024,Paris
2501,2023-05-23,219.98,Product A,153035,Paris
2879,2023-05-23,352.55,Product B,773462,London
5298,2023-05-23,864.01,Product C,725969,Tokyo
1653,2023-05-24,886.8,Product D,934883,New York
4750,2023-05-24,837.6,Product A,901909,Paris
8575,2023-05-24,808.85,Product A,515182,Paris
5890,2023-05-24,117.02,Product A,452618,Paris
1193,2023-05-24,218.64,Product A,441244,Paris
2791,2023-05-24,802.05,Product B,641058,London
6236,2023-05-24,148.53,Product A,787237,Tokyo
8517,2023-05-24,466.11,Product A,605382,New York
2679,2023-05-24,743.26,Product A,719176,Tokyo
7984,2023-05-24,116.88,Product D,177060,New York
5106,2023-05-24,758.02,Product B,758765,New York
7179,2023-05-24,608.92,Product A,176319,London
9510,2023-05-24,450.62,Product A,829386,Paris
4598,2023-05-24,331.04,Product A,340174,New York
6298,2023-05-24,924.9,Product A,217996,Tokyo
7211,2023-05-24,750.65,Product B,745414,Paris
8244,2023-05-24,221.56,Product D,932291,London
7116,2023-05-25,149.94,Product D,538555,London
6644,2023-05-25,73.12,Product A,172371,Tokyo
5477,2023-05-25,764.79,Product C,468074,New York
2999,2023-05-25,860.81,Product C,652654,Tokyo
6431,2023-05-25,245.2,Product D,381631,Paris
6890,2023-05-25,896.55,Product A,214682,London
3521,2023-05-25,540.99,Product A,231939,Tokyo
2669,2023-05-25,774.76,Product A,934904,New York
7939,2023-05-25,408.25,Product B,390946,New York
9892,2023-05-25,495.19,Product B,670027,Paris
4090,2023-05-25,246.42,Product D,344907,Tokyo
3248,2023-05-25,21.24,Product D,463546,Paris
6008,2023-05-25,588.33,Product C,946934,Paris
2195,2023-05-25,69.31,Product D,535810,Tokyo
4974,2023-05-25,608.36,Product B,515898,London
8612,2023-05-25,483.75,Product B,950916,London
4920,2023-05-26,166.79,Product A,679077,Tokyo
7626,2023-05-26,643.74,Product C,220768,Tokyo
6582,2023-05-26,185.69,Product C,162448,New York
2691,2023-05-26,968.76,Product C,975427,Paris
5215,2023-05-26,194.34,Product C,929179,Paris
4812,2023-05-26,297.58,Product B,101657,New York
9331,2023-05-26,108.61,Product C,608205,New York
2033,2023-05-26,778.43,Product D,138780,Paris
8640,2023-05-26,938.12,Product A,261169,Paris
7809,2023-05-26,841.49,Product D,275377,New York
4257,2023-05-26,653.39,Product D,331148,Tokyo
5735,2023-05-26,215.21,Product D,432441,Tokyo
3173,2023-05-26,653.59,Product B,628370,Paris
5308,2023-05-26,975.3,Product A,620248,Tokyo
6411,2023-05-26,477.68,Product B,105433,London
4185,2023-05-26,699.39,Product D,519066,London
6302,2023-05-26,299.71,Product C,999695,New York
6071,2023-05-27,770.94,Product D,402808,London
3747,2023-05-27,688.74,Product D,725510,New York
1711,2023-05-27,464.83,Product A,496922,New York
8924,2023-05-27,691.77,Product C,547798,Paris
9514,2023-05-27,635.54,Product D,947228,London
9751,2023-05-27,252.36,Product D,497887,Paris
6005,2023-05-27,702.45,Product B,550081,New York
2526,2023-05-27,972.43,Product C,991401,New York
2438,2023-05-27,388.39,Product B,537605,London
3041,2023-05-27,901.05,Product C,799287,Tokyo
9673,2023-05-27,281.99,Product C,117975,Tokyo
1612,2023-05-27,810.26,Product D,182289,New York
4562,2023-05-27,86.43,Product C,931420,Tokyo
8179,2023-05-27,425.46,Product B,534130,Tokyo
5040,2023-05-27,628.78,Product B,580102,New York
5634,2023-05-27,305.57,Product D,255813,Tokyo
6303,2023-05-27,473.71,Product B,172222,London
3048,2023-05-27,242.28,Product C,880009,New York
3384,2023-05-27,39.19,Product C,534152,Tokyo
2658,2023-05-27,238.71,Product D,298663,London
4675,2023-05-27,985.03,Product B,869735,New York
4727,2023-05-28,99.48,Product A,897305,New York
9175,2023-05-28,207.67,Product B,378297,London
5923,2023-05-28,448.68,Product C,382507,Tokyo
8370,2023-05-28,341.31,Product C,477808,Paris
8078,2023-05-28,329.1,Product C,127121,New York
7971,2023-05-28,554.88,Product C,836996,Tokyo
5049,2023-05-28,994.59,Product B,583220,New York
1212,2023-05-28,258.83,Product D,970300,London
3607,2023-05-28,862.88,Product D,371782,London
4714,2023-05-28,656.25,Product A,764678,Tokyo
9689,2023-05-28,58.09,Product D,979562,Tokyo
3938,2023-05-28,925.24,Product D,941204,London
8511,2023-05-28,94.05,Product A,629979,London
3647,2023-05-28,447.42,Product D,688153,New York
5009,2023-05-28,53.79,Product D,345722,London
7445,2023-05-28,165.44,Product C,817552,Paris
4646,2023-05-28,674.63,Product B,894586,London
5201,2023-05-28,484.29,Product B,968170,Paris
2753,2023-05-28,557.69,Product C,395442,London
2582,2023-05-28,741.41,Product B,683397,New York
1049,2023-05-28,225.72,Product A,147489,Tokyo
6885,2023-05-29,196.54,Product D,120053,London
2489,2023-05-29,56.65,Product A,260265,London
7288,2023-05-29,742.35,Product A,625119,Paris
6896,2023-05-29,277.07,Product B,191537,London
9954,2023-05-29,798.01,Product B,106687,Tokyo
2036,2023-05-29,748.49,Product A,834928,New York
8242,2023-05-29,61.1,Product C,675898,London
1659,2023-05-29,758.71,Product D,644173,Tokyo
4110,2023-05-29,167.75,Product D,622987,Paris
5216,2023-05-29,823.38,Product D,583214,London
2133,2023-05-29,537.38,Product B,234628,Tokyo
7025,2023-05-29,592.5,Product B,913848,London
3555,2023-05-29,731.2,Product A,217830,New York
5558,2023-05-29,951.69,Product D,364525,New York
3221,2023-05-29,787.83,Product A,390794,London
2890,2023-05-29,358.72,Product D,711116,Tokyo
9475,2023-05-29,247.9,Product A,944554,Tokyo
8273,2023-05-29,86.12,Product B,655178,Paris
8300,2023-05-29,599.18,Product A,332873,Tokyo
2765,2023-05-29,420.33,Product A,909652,Tokyo
9797,2023-05-29,274.16,Product C,216970,Paris
2882,2023-05-29,285.78,Product B,946432,Tokyo
8692,2023-05-29,841.33,Product B,488712,Paris
7511,2023-05-29,211.66,Product D,287401,Paris
1833,2023-05-30,933.06,Product C,614379,Paris
5520,2023-05-30,405.44,Product D,525146,London
2728,2023-05-30,642.24,Product C,807256,Tokyo
9328,2023-05-30,921.95,Product B,825423,London
6269,2023-05-30,290.23,Product D,659572,Paris
3230,2023-05-30,772.45,Product A,262959,New York
2404,2023-05-30,622.43,Product B,847748,New York
2124,2023-05-30,957.71,Product A,890870,New York
7084,2023-05-30,98.59,Product B,624203,New York
5179,2023-05-30,111.88,Product A,339499,New York
3945,2023-05-30,589.59,Product B,512160,Tokyo
1719,2023-05-30,179.18,Product C,692960,London
3954,2023-05-30,90.0,Product C,761685,London
5543,2023-05-30,779.9,Product D,757193,London
3742,2023-05-31,283.34,Product A,515035,London
6432,2023-05-31,436.15,Product A,203396,Paris
2194,2023-05-31,710.6,Product B,292800,New York
8317,2023-05-31,702.32,Product B,205149,London
8342,2023-05-31,27.07,Product C,332360,Tokyo
7046,2023-05-31,711.35,Product C,654718,New York
5334,2023-05-31,793.34,Product B,545790,New York
7932,2023-05-31,383.22,Product D,726979,Tokyo
9907,2023-05-31,29.33,Product D,919898,Paris
6869,2023-05-31,790.55,Product C,116547,London
1505,2023-05-31,763.45,Product C,134283,Paris
4788,2023-05-31,17.15,Product C,297731,Tokyo
5747,2023-05-31,400.38,Product B,452497,New York
8043,2023-05-31,584.18,Product C,587575,Tokyo
3852,2023-05-31,367.88,Product B,227257,London
8951,2023-05-31,350.3,Product A,148174,New York
7889,2023-05-31,887.98,Product C,373216,Paris
2624,2023-05-31,704.76,Product B,550961,Tokyo
6850,2023-05-31,76.88,Product B,868544,New York
8657,2023-06-01,983.18,Product B,741674,New York
1086,2023-06-01,100.18,Product B,594580,Tokyo
7793,2023-06-01,336.92,Product A,604906,Tokyo
6901,2023-06-01,680.0,Product D,874415,New York
6210,2023-06-01,740.72,Product C,720298,New York
5557,2023-06-01,870.61,Product B,832052,Tokyo
9426,2023-06-01,513.65,Product D,145981,Paris
6549,2023-06-01,124.02,Product A,247594,London
9806,2023-06-01,667.45,Product B,898867,London
2695,2023-06-01,900.14,Product C,849014,New York
9880,2023-06-02,759.22,Product D,672892,London
4308,2023-06-02,630.95,Product C,435281,New York
5582,2023-06-02,989.2,Product A,234913,New York
6876,2023-06-02,458.07,Product B,878476,Tokyo
6381,2023-06-02,136.52,Product A,777406,Tokyo
4538,2023-06-02,871.0,Product C,911984,London
2133,2023-06-02,849.31,Product D,805668,Tokyo
4196,2023-06-02,390.1,Product D,529008,Tokyo
5444,2023-06-02,87.11,Product C,225200,New York
7708,2023-06-02,579.15,Product B,432427,New York
2869,2023-06-02,74.69,Product D,177680,New York
7242,2023-06-02,642.16,Product C,213609,London
3826,2023-06-02,676.85,Product C,744333,New York
8780,2023-06-02,26.47,Product C,806537,New York
6781,2023-06-02,869.04,Product D,931161,Tokyo
7342,2023-06-02,527.36,Product D,700534,London
6818,2023-06-03,637.32,Product C,674295,Paris
5803,2023-06-03,632.35,Product C,705397,London
7807,2023-06-03,487.67,Product D,355570,Tokyo
3399,2023-06-03,71.41,Product C,313910,New York
4533,2023-06-03,158.02,Product D,216587,Paris
2010,2023-06-03,783.15,Product B,237064,London
3704,2023-06-03,472.72,Product B,752483,New York
8001,2023-06-03,554.97,Product C,593687,London
2153,2023-06-03,310.87,Product B,644719,New York
4522,2023-06-03,858.01,Product B,195643,London
7251,2023-06-03,22.49,Product B,503489,Tokyo
2011,2023-06-03,552.17,Product B,700521,London
7862,2023-06-03,899.64,Product A,396439,New York
8595,2023-06-03,649.64,Product A,857750,New York
9311,2023-06-03,514.62,Product D,843167,Paris
8484,2023-06-04,309.1,Product D,994787,Tokyo
1891,2023-06-04,753.53,Product D,775990,New York
8369,2023-06-04,377.37,Product B,154040,Paris
1439,2023-06-04,848.6,Product C,315425,London
5281,2023-06-04,540.74,Product C,741603,Paris
7164,2023-06-04,740.7,Product C,208998,London
6383,2023-06-04,677.61,Product D,432043,Tokyo
2556,2023-06-04,760.62,Product A,110142,London
6319,2023-06-04,378.0,Product D,966286,Paris
7511,2023-06-04,806.54,Product C,194689,Tokyo
9452,2023-06-04,133.43,Product A,900185,London
4868,2023-06-04,369.06,Product C,670913,Paris
1721,2023-06-04,864.3,Product B,148215,Tokyo
4014,2023-06-04,393.59,Product D,244192,London
9054,2023-06-04,699.22,Product A,339030,London
4948,2023-06-04,233.09,Product B,944917,Tokyo
8598,2023-06-04,126.6,Product A,765213,New York
1305,2023-06-04,512.11,Product A,952117,Tokyo
4913,2023-06-04,964.36,Product B,893988,London
3262,2023-06-04,865.19,Product A,884140,London
1207,2023-06-04,425.86,Product D,210665,Tokyo
4878,2023-06-05,170.88,Product B,532322,New York
9564,2023-06-05,910.25,Product D,966662,London
5564,2023-06-05,78.73,Product C,468203,Tokyo
6323,2023-06-05,462.97,Product B,548324,Tokyo
8620,2023-06-05,289.48,Product C,443199,New York
9462,2023-06-05,380.17,Product A,640299,London
3656,2023-06-05,153.16,Product A,539963,Paris
3972,2023-06-05,151.82,Product D,172965,London
5067,2023-06-05,903.29,Product C,705748,Paris
2975,2023-06-05,428.09,Product B,600905,New York
3604,2023-06-05,933.4,Product C,197874,Paris
1514,2023-06-05,337.12,Product B,392004,Tokyo
5687,2023-06-05,540.28,Product C,530849,Paris
6328,2023-06-05,481.39,Product C,675191,Tokyo
3267,2023-06-05,257.5,Product D,489244,New York
7717,2023-06-05,658.23,Product B,178463,Tokyo
6327,2023-06-05,284.12,Product C,297509,London
9622,2023-06-05,371.24,Product A,491738,Tokyo
1878,2023-06-05,365.45,Product A,608149,London
6295,2023-06-05,971.26,Product C,258290,Tokyo
3926,2023-06-05,40.96,Product A,608947,London
3223,2023-06-05,467.08,Product A,372793,Tokyo
7622,2023-06-05,519.45,Product A,789606,Tokyo
8105,2023-06-06,689.91,Product B,459381,Tokyo
8736,2023-06-06,202.6,Product A,813763,Tokyo
5221,2023-06-06,393.3,Product A,681896,Paris
2391,2023-06-06,62.08,Product B,891083,New York
1305,2023-06-06,722.35,Product C,189913,London
6517,2023-06-06,768.64,Product B,726258,Tokyo
5990,2023-06-06,513.25,Product B,786393,Tokyo
4624,2023-06-06,221.22,Product C,447148,Paris
7997,2023-06-06,113.06,Product B,676680,Tokyo
7022,2023-06-06,306.26,Product D,911032,London
1480,2023-06-07,812.58,Product C,161437,Tokyo
9066,2023-06-07,985.51,Product C,614646,London
8622,2023-06-07,294.76,Product B,177449,Tokyo
2143,2023-06-07,201.56,Product D,572536,Paris
2926,2023-06-07,140.26,Product B,103704,Paris
2562,2023-06-07,532.88,Product A,340927,London
1230,2023-06-07,328.99,Product B,118786,New York
5107,2023-06-07,49.09,Product D,686179,Paris
3203,2023-06-07,850.9,Product C,923481,Tokyo
5114,2023-06-07,909.08,Product A,196781,Tokyo
7135,2023-06-07,388.65,Product D,493892,New York
9582,2023-06-08,143.9,Product B,788108,London
4517,2023-06-08,195.28,Product C,567676,London
9317,2023-06-08,115.35,Product C,982554,London
1803,2023-06-08,610.34,Product D,973294,Paris
2964,2023-06-08,87.7,Product D,743644,New York
8532,2023-06-08,87.08,Product C,703727,Tokyo
4729,2023-06-08,266.06,Product D,573039,Tokyo
8381,2023-06-08,448.29,Product D,420214,New York
4485,2023-06-08,46.29,Product C,669868,Tokyo
6916,2023-06-09,323.31,Product D,979727,Tokyo
7296,2023-06-09,984.6,Product C,846172,New York
5905,2023-06-09,666.75,Product B,377312,New York
8450,2023-06-09,409.92,Product A,373791,London
6544,2023-06-09,969.96,Product A,162678,Paris
4470,2023-06-09,198.12,Product A,883159,Tokyo
7018,2023-06-09,799.32,Product C,940064,New York
6860,2023-06-09,507.81,Product C,925115,Paris
4052,2023-06-09,751.51,Product C,139286,New York
3880,2023-06-09,920.44,Product D,926236,Tokyo
6761,2023-06-10,571.97,Product B,690462,London
3213,2023-06-10,700.65,Product B,719531,Tokyo
2625,2023-06-10,765.11,Product B,377501,New York
6598,2023-06-10,768.49,Product B,337547,London
2502,2023-06-10,911.4,Product D,466566,New York
7498,2023-06-10,717.86,Product A,720859,London
3443,2023-06-10,99.18,Product A,858711,New York
1509,2023-06-10,410.35,Product D,682959,London
1960,2023-06-10,845.91,Product A,536236,Tokyo
6570,2023-06-10,125.84,Product C,664032,Paris
1029,2023-06-10,704.99,Product D,992083,New York
5938,2023-06-10,219.12,Product B,901280,Paris
1990,2023-06-10,791.4,Product C,759104,Tokyo
4982,2023-06-10,624.79,Product B,972881,Paris
2970,2023-06-10,759.62,Product B,275284,London
6669,2023-06-10,941.5,Product C,987025,New York
8836,2023-06-10,545.36,Product C,512842,London
1440,2023-06-10,729.94,Product B,559753,Paris
4759,2023-06-10,804.28,Product D,467544,New York
